file,seq_len_bp,n_orfs,orfs_per_kb,mean_cai_percent,n_nonstandard_start_orfs,pct_nonstandard_start_orfs,seq_shannon_entropy,seq_repeat_count,seq_repeat_fraction
100643_YCe1917_HC_Kan_conn_D-F.fasta,1889,4,2.118,58.80,2,50.0,1.9977,423,0.2245
100749_FRB-mCherry-FTH1.fasta,5565,12,2.156,56.40,9,75.0,1.9965,2724,0.4899
102618_p2lox-cAMPr_R739A.fasta,6043,14,2.317,52.98,10,71.4,1.9977,3091,0.5119
102747_A435S_EPHA3_pcDNA3.1.fasta,8539,18,2.108,54.23,12,66.7,2.0000,5133,0.6015
103001_pET22b_PfSSB_W166C.fasta,5990,18,3.005,61.81,12,66.7,1.9986,3045,0.5088
103596_LSB-hsa-miR-513c-5p.fasta,11043,40,3.622,54.61,27,67.5,1.9948,7720,0.6994
103615_LSB-hsa-miR-525-5p.fasta,11039,42,3.805,54.25,28,66.7,1.9946,7715,0.6992
103663_LSB-hsa-miR-582-5p.fasta,11047,40,3.621,54.65,27,67.5,1.9949,7721,0.6992
103708_LSB-hsa-miR-652-5p.fasta,11055,39,3.528,54.64,27,69.2,1.9944,7727,0.6993
104388_PB-eDIO-EYFP.fasta,9600,30,3.125,55.10,21,70.0,1.9935,6127,0.6386
105118_pFRETgc-2in1-CN.fasta,13356,34,2.546,58.00,24,70.6,1.9986,9626,0.7210
105964_hsp70_Arl13b-mKate2.fasta,7776,19,2.443,54.92,13,68.4,1.9876,4585,0.5900
106285_pJL1_Aquamarine.fasta,2639,8,3.031,57.63,7,87.5,1.9957,801,0.3041
107232_pLT3REVIR_MARK3_1122.fasta,10284,29,2.820,53.53,21,72.4,1.9990,6740,0.6557
108100_LentiV_Cas9_puro.fasta,11203,29,2.589,53.80,23,79.3,1.9926,7737,0.6909
108743_pBW2603_pCAG-PV1-iCre-N256-L1-ABI-NLS-BGHpA.fasta,6988,25,3.578,53.99,15,60.0,1.9925,3947,0.5652
108759_pBW2280_pCAG-PV1-FlpO-N374-L1-FRB-NLS-BGHpA.fasta,6703,22,3.282,54.71,13,59.1,1.9922,3766,0.5623
109584_p3E-CDC42-DN.fasta,3214,7,2.178,56.36,7,100.0,1.9981,1093,0.3406
109636_actc1b-mKate2-rab3ab.fasta,9604,16,1.666,55.24,10,62.5,1.9663,6297,0.6560
109886_pHH0103_DOK6_IRS.fasta,7044,18,2.555,60.20,12,66.7,1.9999,3872,0.5501
109965_pHH0103_CBX1_Chromo-shadow.fasta,6921,18,2.601,60.02,12,66.7,1.9998,3800,0.5495
110402_psiCHECK2_3_UTR_KGA.fasta,8803,16,1.818,54.34,13,81.2,1.9994,5434,0.6176
110666_pCHKU33.1-2.2.fasta,14222,37,2.602,54.91,28,75.7,1.9996,10364,0.7290
110823_pB-CAGGS-dCas9.fasta,11681,40,3.424,55.25,33,82.5,1.9963,8009,0.6859
110837_pLenti-Cas9-P2A-Puro.fasta,11203,27,2.410,53.90,23,85.2,1.9926,7736,0.6908
111123_pCR1280.fasta,8914,25,2.805,53.80,18,72.0,1.9975,5472,0.6142
111730_pBacMam2-DiEx-LIC-C-flag_huntingtin_full-length_Q109.fasta,16038,37,2.307,54.80,28,75.7,1.9994,12209,0.7615
111975_Hsh155_N4A_3xFLAG.fasta,8211,11,1.340,54.06,7,63.6,1.9817,4931,0.6009
112984_mei-S332_5.6Kb_genomic_DNA_in_Casper4.fasta,13515,30,2.220,58.52,22,73.3,1.9980,9688,0.7171
113125_EcRfaHKOW.fasta,6679,22,3.294,60.10,18,81.8,1.9983,3594,0.5385
114942_AT1G51810_M2_pECIA2.fasta,5411,14,2.587,53.98,12,85.7,1.9985,2499,0.4623
115855_pAPM-D4_miR30-AGO2_ts3.fasta,6319,15,2.374,54.20,12,80.0,1.9973,3361,0.5323
116035_pVL90_-_VND7.fasta,3663,8,2.184,55.21,5,62.5,1.9993,1304,0.3565
116283_pHAGE-EGFR-P589L.fasta,12122,35,2.887,54.16,25,71.4,1.9978,8440,0.6965
116429_pHAGE-MAP2K1-S222A.fasta,9694,21,2.166,53.84,14,66.7,1.9985,6217,0.6417
116660_pHAGE-RAF1-S257L.fasta,10459,24,2.295,53.49,15,62.5,1.9993,6885,0.6586
117104_SLAH2.fasta,5564,11,1.977,56.43,9,81.8,1.9970,2681,0.4823
11752_pCMV5B-Flag-Smurf1_wt.fasta,6847,17,2.483,55.03,9,52.9,1.9999,3716,0.5431
118168_lentiSAMv2_EGFP-guide3.fasta,13501,32,2.370,53.81,28,87.5,1.9955,9833,0.7286
118678_pDONR_221-AIP2_NON-STOP_.fasta,3477,9,2.588,55.17,9,100.0,1.9977,1248,0.3594
118963_puc19-pCas13a.fasta,9089,21,2.310,55.78,12,57.1,1.9913,5741,0.6320
119775_pAtU6-sgRNA.fasta,4629,13,2.808,55.74,7,53.8,1.9992,1954,0.4226
121054_pJW1583.fasta,10661,32,3.002,56.30,22,68.8,1.9981,7059,0.6624
121066_pUHD-AID.fasta,5039,16,3.175,54.65,8,50.0,1.9951,2329,0.4627
122168_p8xEGFP-N1.fasta,9848,16,1.625,54.04,14,87.5,1.9751,7251,0.7367
122441_pHR-FUSN-miRFP670-Cry2WT.fasta,12184,29,2.380,56.93,17,58.6,1.9995,8466,0.6951
122589_Human_Inositol_1_4_5-Trisphosphate_3-Kinase_B.fasta,8457,27,3.193,53.05,20,74.1,1.9922,5128,0.6067
123152_pXWP11-gfp2.fasta,3150,6,1.905,56.52,5,83.3,1.9902,1086,0.3453
123197_pSB161_-_pL2_pSB90_2x35S_GUS_tMAS.fasta,9010,28,3.108,58.69,20,71.4,1.9971,5649,0.6273
123558_pMK-aadA.fasta,3122,13,4.164,60.34,10,76.9,1.9967,1123,0.3603
125763_pAK-EL-04.fasta,2564,7,2.730,56.79,6,85.7,1.9994,723,0.2825
127370_R4pGWB601_UBQ10p-miniTurbo-YFP-NLS.fasta,12680,37,2.918,57.35,27,73.0,1.9967,8896,0.7019
127603_pRS416-HNT2_intron.fasta,4880,9,1.844,55.52,7,77.8,1.9929,2226,0.4566
127618_myc-KIF5C.fasta,7572,21,2.773,54.14,15,71.4,1.9971,4358,0.5759
127799_2xmEGFP.fasta,6877,16,2.327,54.81,11,68.8,1.9958,3882,0.5649
128229_pAK012.fasta,2620,7,2.672,56.19,6,85.7,1.9982,763,0.2918
128233_pMC037-HisMS2_PLP_pac.fasta,4627,11,2.377,60.50,8,72.7,1.9984,2164,0.4682
128369_pPEE29.fasta,5870,16,2.726,55.26,12,75.0,1.9976,2914,0.4968
12868_DCT.VV.Orf180.fasta,719,0,0.000,,0,,1.9333,85,0.1190
12870_DCT.VV.Orf182.fasta,715,1,1.399,64.72,1,100.0,1.9884,60,0.0845
129950_pRDAX-217_C-Tag_Venus173_155_1_L20_FKBP_EBPF2.fasta,6782,22,3.244,54.39,15,68.2,1.9991,3691,0.5446
130123_pRDAX-576_N-Tag_GFP_2_L32_Stat3_R609Q_mCherry.fasta,8336,26,3.119,54.07,16,61.5,1.9989,5017,0.6022
130969_PX458-3xHA-FnCas9.fasta,10088,22,2.181,54.43,13,59.1,1.9956,6671,0.6616
131248_pcDNA3.1-N-Myc_535-888_USP7.fasta,7154,18,2.516,55.17,12,66.7,1.9998,3896,0.5450
131533_Ad-FOXO1_1-360.fasta,35612,120,3.370,56.28,89,74.2,1.9890,31533,0.8856
131756_LA901_pMAGIC_L3-L2_3x_HA_epitope_tag_polyA_hU6_Sp_xCas9_TRE_1_gRNA.fasta,3266,6,1.837,54.25,5,83.3,1.9974,1116,0.3422
131897_pDONR221_SLC12A9.fasta,5292,20,3.779,52.12,15,75.0,1.9908,2710,0.5126
132008_pDONR221_SLC26A2.fasta,4767,12,2.517,55.97,10,83.3,1.9986,2209,0.4639
132229_pDONR221_SLC5A12.fasta,4404,13,2.952,56.81,9,69.2,1.9980,1917,0.4358
133340_pBXMCS-2_Pconstitutive-sgRNA_Sth3__gcrA1.fasta,5515,23,4.170,57.53,21,91.3,1.9715,2906,0.5274
134264_pBOB-C-Flag-GK5_287-534_.fasta,9604,28,2.915,53.23,22,78.6,1.9995,6152,0.6409
134467_DsRed2-M11-92.fasta,4935,11,2.229,55.91,8,72.7,1.9943,2312,0.4690
13449_PGKneolox2DTA.2.fasta,6357,16,2.517,54.41,9,56.2,1.9962,3464,0.5453
134791_pED1a39.fasta,5455,6,1.100,59.28,6,100.0,1.9762,2758,0.5061
134793_pED1a89.fasta,5455,8,1.467,59.60,8,100.0,1.9764,2762,0.5068
136363_pGEX2T_AtFC1.fasta,6270,16,2.552,57.16,11,68.8,1.9985,3233,0.5160
136865_pEBTetDBl-CLIP-CPAP.fasta,12517,32,2.557,51.98,25,78.1,1.9985,8816,0.7046
137131_pAAV-Ef1a-Coff_Fon-BFP.fasta,6607,20,3.027,53.71,13,65.0,1.9940,3530,0.5347
137724_pLS-SV40-mP-EGFP.fasta,8135,18,2.213,52.75,14,77.8,1.9984,4818,0.5926
137904_pGEL050.fasta,15115,45,2.977,54.71,36,80.0,1.9992,11276,0.7463
138281_pKEW215_AcrIIA13.fasta,6528,20,3.064,58.37,14,70.0,1.9967,3416,0.5237
138320_pCW57-MCS1-P2A-MCS2-mDux.fasta,10031,33,3.290,52.46,22,66.7,1.9974,6573,0.6556
138335_hMTP-flag.fasta,8311,16,1.925,54.06,11,68.8,1.9998,4949,0.5958
139113_hnRNPF_PLD.fasta,4161,11,2.644,59.09,8,72.7,1.9993,1694,0.4076
139136_pJBL6659.fasta,3551,9,2.534,59.42,5,55.6,1.9986,1312,0.3700
139403_pRN3P_EGFP_m6A_Tracer.fasta,4262,9,2.112,55.03,6,66.7,1.9964,1792,0.4210
139440_fADL-1e-HA-linker-p3.fasta,8070,14,1.735,56.57,10,71.4,1.9704,5083,0.6303
139538_pENTR-R2L3-cGR-IRESpuro-pA.fasta,5000,14,2.800,54.67,13,92.9,1.9995,2257,0.4519
139894_pBEL1890.fasta,7043,20,2.840,59.01,14,70.0,1.9983,3892,0.5530
139932_pMGB.fasta,6289,20,3.180,61.33,17,85.0,1.9876,3368,0.5360
140554_pAAV-hsyn-GRAB_DA2h.fasta,6341,20,3.154,53.56,15,75.0,1.9898,3395,0.5358
140732_FUG-Pten.fasta,11184,27,2.414,53.38,23,85.2,1.9991,7541,0.6746
141087_Antares-SEPLuc_IRESv24.fasta,9157,22,2.403,52.99,19,86.4,1.9972,5780,0.6316
141288_pGWB701NL3F10H.fasta,11937,29,2.429,59.77,20,69.0,1.9989,8202,0.6874
141613_TFORF0417.fasta,9223,27,2.927,53.77,21,77.8,1.9993,5770,0.6259
142713_TFORF0967.fasta,10690,27,2.526,53.65,21,77.8,1.9985,7211,0.6749
142892_TFORF1940.fasta,10603,36,3.395,54.43,29,80.6,1.9954,7060,0.6662
143831_TFORF1661.fasta,11203,32,2.856,53.61,23,71.9,1.9985,7604,0.6790
143905_TFORF1020.fasta,10942,33,3.016,54.36,24,72.7,1.9945,7388,0.6755
144806_TFORF3330.fasta,9364,28,2.990,53.85,20,71.4,1.9990,5924,0.6330
145273_pHR-HOXD13_DEdel_-IDR-mCherry-CRY2-NLS.fasta,11700,22,1.880,56.99,13,59.1,1.9987,8004,0.6844
145523_pGBW-m4046525.fasta,5055,12,2.374,56.66,6,50.0,1.9883,2373,0.4699
146147_pT7-EGFP-C1-tubgenomic-PTC90_D.fasta,8224,18,2.189,57.01,12,66.7,1.9997,4832,0.5879
146250_pAc5.1C-Fluc-STOP-5BoxB-HSL_E.fasta,7432,17,2.287,56.10,6,35.3,1.9948,4131,0.5562
146971_pAc5.1B-EGFP-DmGW182_1-605-dsRNAres_N.fasta,7902,23,2.911,55.94,11,47.8,1.9988,4519,0.5722
147335_pAc5.1B-lambdaN-HA-HsTNRC6C_1207-1690-CIM1mut_Q.fasta,6945,21,3.024,56.05,12,57.1,1.9986,3714,0.5352
148043_pAc5.1B-EGFP-DmPAN2-F550EM554EK557E-dsRNAres_Y.fasta,9782,26,2.658,55.86,13,50.0,1.9985,6203,0.6344
148047_pAc5.1B-EGFP-DmPAN2-L766EV758E-dsRNAres_Y.fasta,8443,25,2.961,56.51,14,56.0,1.9987,5026,0.5956
148082_pAc5.1B-lambdaN-HA-DmPAN3-F658EL622EL665EW707AG711E-dsRNAres_Y.fasta,7846,23,2.931,56.74,12,52.2,1.9990,4478,0.5711
148414_pcDNA3.1-MS2-HA-HsNot1iso1_1318-1605-shRNAres_AC.fasta,6732,16,2.377,53.99,11,68.8,1.9995,3601,0.5353
148695_pnYC-NvM-DmNot4_813-836opt-F818D_AF.fasta,5560,13,2.338,61.31,9,69.2,1.9965,2686,0.4835
149058_pGBW-m4046225.fasta,6547,12,1.833,58.09,6,50.0,1.9885,3550,0.5426
149060_pGBW-m4046520.fasta,6713,13,1.937,57.20,7,53.8,1.9845,3692,0.5504
149519_pJJiaDEST-APEX2-GAL8.fasta,7333,18,2.455,54.80,14,77.8,1.9998,4094,0.5587
15023_Ngn3_Cre_DM_259_.fasta,964,7,7.261,52.30,5,71.4,1.9819,148,0.1543
15147_pRIAS_CC_15_.fasta,9795,27,2.757,54.76,17,63.0,1.9936,6240,0.6374
152623_pGBW-m4134192.fasta,8410,21,2.497,54.77,17,81.0,1.9996,4947,0.5886
152764_pGBW-m4134422.fasta,7472,19,2.543,53.76,15,78.9,1.9995,4192,0.5614
15280_TU_712.fasta,4307,7,1.625,55.15,5,71.4,1.9921,1840,0.4277
153285_pAAV-hsyn-GRAB_Ado1.0.fasta,6743,21,3.114,53.78,13,61.9,1.9834,3735,0.5543
154154_pKM51.fasta,6128,12,1.958,54.09,8,66.7,1.9912,3274,0.5347
154329_pJW1851.fasta,3494,8,2.290,55.04,6,75.0,1.9988,1199,0.3437
155011_Sc_.fasta,10174,25,2.457,54.64,19,76.0,1.9919,6807,0.6694
157071_pD649-HAsp-MOG-COMP5AP-AviTag-9xHis.fasta,7528,21,2.790,55.84,15,71.4,1.9963,4268,0.5673
157741_pelBHisTEV.fasta,5827,20,3.432,59.52,16,80.0,1.9974,2898,0.4978
157896_pLG018_AVAST_type_2_.fasta,7436,7,0.941,55.29,4,57.1,1.9618,4410,0.5935
158317_pLKO_Ollas.V5.NWS_NGFR.fasta,8865,31,3.497,52.75,19,61.3,1.9982,5482,0.6187
158536_pGEX-S2_HiGlpG.fasta,5532,15,2.711,58.22,9,60.0,1.9983,2717,0.4916
159535_pZmSWEET13a_ZmSWEET13a_GUS.fasta,19032,43,2.259,56.68,31,72.1,1.9995,15018,0.7893
160779_pLKO.1P_DNA2_1.fasta,7084,19,2.682,53.97,12,63.2,1.9985,3960,0.5594
161630_IDG_SLC26A1_OE_1.fasta,8394,25,2.978,54.63,18,72.0,1.9994,5064,0.6036
16246_pcDNA3_236HSC_WT_BRCA2_.fasta,15926,22,1.381,53.67,17,77.3,1.9755,12211,0.7670
162624_pCS2plus-mKate2.fasta,4875,15,3.077,55.29,8,53.3,1.9994,2252,0.4624
162927_C413-E36_attB4-CMV51p_-attB1r.fasta,3483,9,2.584,57.06,7,77.8,1.9991,1264,0.3634
163103_pRD396.fasta,6251,15,2.400,58.36,10,66.7,1.9991,3216,0.5149
163638_A3G-BE5.14.fasta,8838,16,1.810,55.26,12,75.0,1.9873,5734,0.6492
163735_pJH776_pJH_LldR_PlldR-sfGFP.3opal.fasta,4416,13,2.944,61.53,8,61.5,1.9989,1895,0.4296
16440_pCMV-Neo-Bam.fasta,6502,16,2.461,56.66,11,68.8,1.9992,3404,0.5239
167389_pMSR_MSMEG_5122_Dendra.fasta,321,0,0.000,,0,,1.9562,22,0.0696
167854_Lenti-sgZmat3.52.6_Cre.fasta,7758,17,2.191,52.93,13,76.5,1.9990,4465,0.5759
168070_ymTq2-ystagRFP_pDRF1-GW.fasta,8457,15,1.774,56.16,9,60.0,1.9843,5148,0.6091
169468_pTwist-SARS-CoV-2_18_B.1.351v3_wtRBD.fasta,10453,26,2.487,53.84,18,69.2,1.9978,6839,0.6546
169914_pRGEN-CMV-VPR-WT_CjCas9_V-WT.fasta,7355,15,2.039,54.01,10,66.7,1.9911,4438,0.6038
171345_pFTK073.fasta,3569,7,1.961,57.42,6,85.7,1.9958,1299,0.3645
171498_pGEMHE-mClover3-MAP4-MTBD.fasta,5185,12,2.314,54.01,10,83.3,1.9934,2456,0.4741
171887_pStA0_SPLc45-RBSc21.fasta,2287,5,2.186,55.46,3,60.0,1.9991,605,0.2651
172126_pAAV-pEF1a-DIO-tTAc.fasta,5848,18,3.078,53.72,9,50.0,1.9931,2920,0.4997
172128_pENTR_TiTRE.fasta,3678,10,2.719,54.76,9,90.0,1.9990,1416,0.3855
17219_pMXs-hKLF4.fasta,6180,20,3.236,53.74,16,80.0,1.9904,3335,0.5401
172205_pAAV_hSyn_HA-TALE_NG_-Tet1FL-NLS-SID4X_2A_EGFP_W3SL.fasta,7336,24,3.272,55.72,19,79.2,1.9856,4492,0.6127
172292_pIVTR_T7A_-MCS.fasta,2074,5,2.411,55.41,3,60.0,1.9982,473,0.2286
173019_pcDNA3-smURFP-StagRFP-EKAR-EV.fasta,7226,20,2.768,56.92,14,70.0,1.9973,4059,0.5621
173075_pNH-NanoLuc.fasta,7778,22,2.828,59.61,17,77.3,1.9984,4446,0.5720
173241_RVD-AA6.fasta,2603,9,3.458,57.38,6,66.7,1.9899,805,0.3099
173545_pICSL86977OD_PITG_15278a.fasta,9469,26,2.746,53.99,19,73.1,1.9956,5981,0.6320
173853_SuExp_His-Myc-mPLD3.fasta,3486,13,3.729,57.37,12,92.3,1.9923,1329,0.3818
173971_pGL3-noSV40-EC1.45-human_min1-coelacanth_min2.fasta,5507,9,1.634,56.35,4,44.4,1.9982,2590,0.4707
174146_pKHH030_sgAMBRA1_1.fasta,8838,25,2.829,53.70,18,72.0,1.9979,5417,0.6133
176062_pLV-CMV-XRCC1-EGFP-Hygro.fasta,10950,32,2.922,53.23,28,87.5,1.9971,7323,0.6691
176305_pUb_PspCas13b_PspCas13b_guide_RNA.fasta,8464,19,2.245,55.54,14,73.7,1.9946,5242,0.6197
177134_pGEX4T3-GST-PolB_K206A_K244A_T304I_.fasta,5993,13,2.169,57.88,9,69.2,1.9985,3036,0.5070
17732_pcDNA3.1_mSTIM1_myc.fasta,916,1,1.092,56.68,1,100.0,1.9944,152,0.1668
177669_pAAV-nEF-Coff_Fon_DREADD_Gi-mCherry.fasta,7476,23,3.077,55.01,18,78.3,1.9922,4319,0.5781
178168_SERPINI1_Halo_C_allele.fasta,4495,10,2.225,56.36,7,70.0,1.9988,1930,0.4298
178312_pXCX-sGFAP-LMO-IRES-tdTomato.fasta,13043,38,2.913,55.33,25,65.8,1.9904,9360,0.7179
178434_ELP-TEMP_pcDNA3.1_-_.fasta,8719,18,2.064,53.15,14,77.8,1.9824,5669,0.6506
178495_pETM33_KPNA4_Arm.fasta,7258,20,2.756,60.54,16,80.0,1.9987,4080,0.5625
178747_pLm_Cas8.fasta,6815,20,2.935,59.69,16,80.0,1.9965,3654,0.5366
179017_pBBK33_pHomL-RPL18Bp-Scarlet_rfp_-Link-GFPdropout-SSA1t-HomR_AmpR_.fasta,6671,11,1.649,59.24,6,54.5,1.9847,3588,0.5383
1791_Flag-SIRT1.fasta,5420,16,2.952,54.40,10,62.5,1.9989,2604,0.4809
179209_pBTK800.fasta,8411,35,4.161,59.94,21,60.0,1.9759,5277,0.6278
179439_pLB62_PB_pGK-H2B-mIFP-T2A-rTetR-humanKRAB-zeo.fasta,8805,31,3.521,56.44,22,71.0,1.9966,5372,0.6105
179693_pJC175e-DddI.fasta,5465,13,2.379,56.88,9,69.2,1.9890,2712,0.4967
179910_pT3-EF1aH-TAZ_S89A.fasta,6468,16,2.474,54.01,11,68.8,1.9991,3369,0.5213
180156_H11-CAG-loxP-FNF-bpA-3pA-loxP-tdTomato.fasta,9330,25,2.680,55.74,15,60.0,1.9929,6108,0.6550
180246_pET21a_Wb-iPGM.fasta,6990,19,2.718,59.77,13,68.4,1.9996,3836,0.5492
180656_pMYT003.fasta,1852,4,2.160,58.77,4,100.0,1.9970,423,0.2290
182519_Gal1_10p_CAS9_Gal1_10p_I-SceI.fasta,11975,24,2.004,56.24,19,79.2,1.9910,8268,0.6907
18278_T4_Lysozyme_7003A.fasta,842,1,1.188,60.53,0,0.0,1.9647,140,0.1673
183187_pNSSCPG.fasta,11113,32,2.880,59.51,22,68.8,1.9982,7641,0.6879
184106_pT2iU6Apowriter2N_355_.fasta,10118,14,1.384,54.66,7,50.0,1.9889,6639,0.6565
185055_TFAP4_BHLH_3-2.fasta,11688,29,2.481,52.77,23,79.3,1.9938,8183,0.7004
185191_pST_APOE_HUMAN_E3_80-255_pBS0646_.fasta,5444,15,2.755,54.89,11,73.3,1.9988,2578,0.4740
185841_pILGFP4D41.fasta,5453,10,1.834,57.26,6,60.0,1.9897,2595,0.4763
185843_pAF9C3.fasta,8902,15,1.685,55.51,12,80.0,1.9810,5583,0.6275
186963_Rtn3c-mEmerald.fasta,6829,19,2.782,54.94,15,78.9,1.9976,3713,0.5441
187411_pCMV-UGI-nCas9_H840A_-GSVG.fasta,8109,17,2.096,54.88,14,82.4,1.9805,5288,0.6525
188146_pMXS-IRES-BLAST_flag-CAD_P1375A_P1376A.fasta,12335,36,2.919,53.21,28,77.8,1.9918,8761,0.7105
189580_pBA1032.fasta,4151,13,3.132,56.26,12,92.3,1.9988,1716,0.4139
190248_pRS306-PTDH3-SUMO10-6SIM.fasta,8957,16,1.786,57.83,11,68.8,1.9965,5824,0.6506
190795_PRE-Hsp70BbCas9_1.0.fasta,16069,34,2.116,55.09,31,91.2,1.9985,12306,0.7661
190807_FUGW-APOE-E2-T2A-mCherry.fasta,10954,33,3.013,53.87,28,84.8,1.9946,7378,0.6739
191319_nontarget_S._pyogenes_scaffold_CARGO_array.fasta,13835,28,2.024,55.17,19,67.9,1.9965,10312,0.7456
191693_pCAG-SP-CLSTN2-3xHAtag.fasta,7739,25,3.230,55.22,19,76.0,1.9937,4614,0.5966
191796_pCBh_NLS_dCas13X_NLS-pA-U6-DR-BpiI-BpiI-DR-pSV40-EGFP-pA-pSV40-mCherry-pA.fasta,9175,24,2.616,54.48,15,62.5,1.9965,6010,0.6554
193274_CBE-T1.5.fasta,8745,16,1.830,55.63,13,81.2,1.9888,5648,0.6462
19336_pFA6a-kanMX6-P3nmt1-3FLAG.fasta,5411,8,1.478,55.20,5,62.5,1.9864,2555,0.4726
193703_pLKO.1_puro_shSLC2A1-2.fasta,7084,18,2.541,53.70,14,77.8,1.9985,3956,0.5588
194462_pRRL.SIN.EF1A.JAG1-F1.GS.CAR-3G.fasta,10646,30,2.818,54.01,23,76.7,1.9966,7080,0.6654
195106_pX459-sgRNA4-CTCF-3p-UTR.fasta,9178,22,2.397,54.46,16,72.7,1.9891,5945,0.6481
195285_pFB2C.fasta,5783,19,3.285,55.24,14,73.7,1.9896,2846,0.4926
196281_pMK33-GW-TurboID-V5.fasta,10983,35,3.187,56.14,27,77.1,1.9978,7349,0.6694
196724_pRDA174_EF1a_EnAsCas12a_BFP.fasta,12502,25,2.000,53.34,19,76.0,1.9964,8864,0.7093
197018_His_SUMO_TEV_E78K_SPOP_1-374.fasta,7228,21,2.905,58.60,13,61.9,1.9975,4022,0.5568
197067_pAAVS1_EF1a-MitoTrap-mCherry-IRES-Puro.fasta,9416,33,3.505,52.29,27,81.8,1.9856,6006,0.6382
197355_pX459-dErbB2.fasta,9177,22,2.397,54.80,16,72.7,1.9888,5941,0.6477
198608_pBad-HaloGFP-161-162.fasta,5687,17,2.989,57.29,10,58.8,1.9958,2795,0.4919
198790_pWP097.fasta,5512,12,2.177,56.03,10,83.3,1.9813,2764,0.5019
199113_CSTI.pJL1.fasta,2681,6,2.238,58.49,6,100.0,1.9890,870,0.3251
199133_RB805.fasta,6628,13,1.961,55.09,10,76.9,1.9898,3546,0.5354
199318_pcDNA3-RIPK3_S227A_-FLAG.fasta,6998,21,3.001,52.77,16,76.2,1.9981,3819,0.5461
19972_pCMV-L26-Flag.fasta,641,2,3.120,57.47,1,50.0,1.9838,72,0.1132
200304_SUMO_LPETG_MT3.fasta,4113,12,2.918,58.75,8,66.7,1.9993,1655,0.4029
200330_pSAH54_-_AVKp_gfp_tbb-2_UTR_.fasta,4663,15,3.217,56.47,10,66.7,1.9868,2030,0.4358
201297_PROM_4.fasta,2847,9,3.161,59.03,5,55.6,1.9965,889,0.3128
201641_pWPI-LUC7L2-3xFLAG.fasta,12690,35,2.758,55.00,21,60.0,1.9974,8951,0.7056
202294_pAJT195.fasta,3055,5,1.637,61.03,3,60.0,1.9876,1052,0.3449
202483_pCOLA-Gent-yibDp-Erv1p.fasta,2435,8,3.285,56.12,3,37.5,1.9995,620,0.2551
203075_Salsa-BC234-P3D6.fasta,5115,14,2.737,55.33,9,64.3,1.9976,2404,0.4705
20464_pWZL_Neo_Myr_Flag_CLK2.fasta,664,3,4.518,56.37,2,66.7,1.9704,99,0.1502
205678_LHAPGW.fasta,8898,20,2.248,53.60,14,70.0,1.9998,5537,0.6226
205944_CL20_mEGFP_TMPRSS2_ETV1.fasta,8334,15,1.800,54.80,11,73.3,1.9980,5035,0.6045
205981_pHS1518.fasta,6268,14,2.234,55.56,10,71.4,1.9988,3227,0.5152
206362_pUAST-2x_attB.fasta,10299,25,2.427,54.86,19,76.0,1.9953,6865,0.6669
206841_pGL4.23-5xE-box.fasta,4557,9,1.975,57.90,6,66.7,1.9960,2094,0.4600
207434_pPI462.fasta,4555,10,2.195,56.44,6,60.0,1.9873,2068,0.4545
207584_pCEP13.fasta,6687,18,2.692,60.39,13,72.2,1.9995,3634,0.5438
207707_qTAG-N-Zeo-3xHA.fasta,3334,10,2.999,56.81,6,60.0,1.9973,1140,0.3424
207787_pX330-LAMP1.fasta,8479,18,2.123,54.46,13,72.2,1.9919,5346,0.6309
207890_pAM751.fasta,2706,6,2.217,57.10,4,66.7,1.9999,784,0.2903
208069_pEGFP-hsRPA14_MSW_503_.fasta,5076,11,2.167,56.43,9,81.8,1.9974,2385,0.4703
208089_pLV_PGK_LTB4R_S310A_.fasta,9509,23,2.419,53.58,18,78.3,1.9974,6036,0.6351
20869_pIOM15.fasta,767,4,5.215,58.88,3,75.0,1.9906,78,0.1024
208722_pAAV-EF1a-DIO-GRAB_g5-HT2m.fasta,7749,24,3.097,54.05,15,62.5,1.9931,4486,0.5793
209015_pFSynWSyt1C2AB_143-421_msGFP.fasta,9979,26,2.605,54.06,22,84.6,1.9984,6453,0.6470
209798_hARL15.fasta,6315,19,3.009,60.93,12,63.2,1.9960,3311,0.5247
210283_pUdOm3.1.fasta,2676,5,1.868,56.74,4,80.0,1.9993,753,0.2819
210579_pUB_Nonopt_HAramp-FLuc100.fasta,9806,18,1.836,54.03,13,72.2,1.9986,6334,0.6463
210985_pHTC-HaloTag_SMCR8_1-937.fasta,8954,21,2.345,55.59,15,71.4,1.9990,5524,0.6173
21110_pBABE-puro-mouse_Oct4.fasta,723,2,2.766,54.89,2,100.0,1.9642,100,0.1393
21159_HA-Q79-GFP.fasta,413,4,9.685,73.63,4,100.0,1.8589,207,0.5074
211695_pCF827-sgNT-3_U6-sgRNA-EFS-Cas9-P2A-mNeonGreen.fasta,11402,21,1.842,53.11,16,76.2,1.9939,7887,0.6920
211803_pKT-CNP.fasta,3980,10,2.513,59.53,7,70.0,1.9985,1564,0.3935
21193_L1E-1.fasta,767,2,2.608,57.24,2,100.0,1.9936,90,0.1181
212180_pLSU1_t35s_NLuc_NosT.fasta,5616,14,2.493,57.79,11,78.6,1.9972,2699,0.4810
212670_pCW-CCND1-HA-puro.fasta,8548,30,3.510,53.27,19,63.3,1.9967,5233,0.6125
213068_myc-tagged_NRP1_human_.fasta,8355,20,2.394,53.82,15,75.0,1.9998,4945,0.5922
213701_pDmREDusk.fasta,7985,31,3.882,60.69,26,83.9,1.9878,4793,0.6006
214458_p663-UBC-miniTurbo-V5-CSNK1G1_IDG-K.fasta,10734,33,3.074,53.37,26,78.8,1.9974,7130,0.6646
214477_mCherry-Vector.fasta,4690,12,2.559,55.42,9,75.0,1.9958,2099,0.4480
214601_AiP1977_-_pAAV-AiE2586m-minBG-SYFP2-WPRE-BGHpA.fasta,4854,14,2.884,53.86,11,78.6,1.9967,2169,0.4473
215328_pCCL-FOXJ1Promoter-FLuc-CMV-RLuc-dsRed2.fasta,11628,27,2.322,52.80,23,85.2,1.9990,7976,0.6862
215865_pSuperCRISPR-sgRNA-RL661-TTTA.fasta,6422,20,3.114,54.63,13,65.0,1.9920,3403,0.5303
216069_AA335.fasta,4268,14,3.280,55.04,11,78.6,1.9987,1704,0.3997
216493_pcDNA3.1-HaloCKAR2.2-T2A-EGFP.fasta,7646,23,3.008,54.34,16,69.6,1.9970,4396,0.5753
216602_MECP2_-_P388S_in_pENTR.fasta,4262,15,3.519,55.28,12,80.0,1.9893,1844,0.4332
216982_pET26b_modified_-B-Sm.fasta,5555,16,2.880,60.36,12,75.0,1.9990,2675,0.4820
217613_Frb-NLS-mCherry.fasta,9991,23,2.302,56.33,16,69.6,1.9991,6451,0.6460
217964_pCL1161.fasta,9428,24,2.546,55.36,17,70.8,1.9962,5938,0.6302
21800_AIRAP_10_PSMD14.TEV.GST.V1.pCDNA3.fasta,7091,14,1.974,54.89,10,71.4,1.9992,3909,0.5517
218167_pNoRBS.fasta,5479,17,3.103,59.56,11,64.7,1.9966,2656,0.4852
218986_SFFV-IRF8-Brd_2.fasta,7919,22,2.778,54.08,17,77.3,1.9989,4683,0.5917
219694_L0-T11_Circuit_2_GG4-PhiC31B-Bxb1B-GG6.fasta,3695,15,4.060,58.51,11,73.3,1.9906,1413,0.3829
220137_pGL_4.79-mCherry.fasta,4723,14,2.964,55.61,9,64.3,1.9938,2167,0.4593
220700_AiP2062_-_pAAV-AiE2613m-minBG-SYFP2-WPRE-BGHpA.fasta,4804,11,2.290,54.65,8,72.7,1.9972,2155,0.4491
221123_pRS413-TEF1pr-RPA34-FAPoptim.fasta,6858,12,1.750,53.03,7,58.3,1.9923,3809,0.5558
221220_pCMV-AID-PcrA-UGI.fasta,6500,15,2.308,55.64,8,53.3,1.9981,3300,0.5081
221285_pMSCV-FKBP-Myoglobin_pLxIS-PLPLR_.fasta,8252,24,2.908,54.04,17,70.8,1.9979,4932,0.5980
221663_pGWB602-erUnaG.fasta,11070,37,3.342,56.88,25,67.6,1.9922,7421,0.6707
221837_pTwist_Amp_d5-HT1BR-7xsfGFP11-HA-HDR-donor.fasta,4976,13,2.613,58.28,8,61.5,1.9967,2264,0.4554
223113_pCMV-T7-ABE8e-SpCas9_LWKYQS_-P2A-EGFP_AHK404_.fasta,9033,18,1.993,55.29,14,77.8,1.9864,5896,0.6531
22392_SRS-MTBD_22_19_wt_dimer_plus_myc_tag.fasta,6634,21,3.166,58.77,14,66.7,1.9989,3510,0.5295
224286_pcDNA3.1_R-Ras1_G38C_.fasta,6002,17,2.832,54.19,12,70.6,1.9969,3034,0.5059
224480_p5E-hs_ICAM_short_JDW_1046_.fasta,2877,6,2.086,55.71,6,100.0,1.9989,919,0.3200
225434_pDGB3_alpha1_35S-eGFP-T35S_GB4279_.fasta,8364,25,2.989,58.52,20,80.0,1.9898,5090,0.6089
225453_pcDNA3puro-mGFP-FXR1-N1-KH1mut_T236D_H237D_.fasta,7682,18,2.343,55.54,14,77.8,1.9990,4371,0.5694
225741_pET28a_-TrxB2.fasta,6382,22,3.447,60.36,17,77.3,1.9957,3352,0.5256
225827_pAAV-hSyn-PSD_1_2-FRBx3.fasta,6745,18,2.669,52.88,14,77.8,1.9962,3737,0.5545
22641_pJB048.fasta,908,0,0.000,,0,,1.9828,168,0.1860
226990_pUC19-U6-SpCas9_gRNA-OPA1-del_exon5-gRNA1b__CJT92_.fasta,2280,5,2.193,55.17,2,40.0,1.9965,577,0.2536
227432_CMV_G-PTEN.fasta,6612,14,2.117,56.15,11,78.6,1.9970,3670,0.5555
228740_pPB-shMfn1-mCherry-CAAX.fasta,6985,20,2.863,53.99,13,65.0,1.9992,3910,0.5602
229295_pXTK058_Con-Pro_sacB-Bacillus_PartType8_.fasta,2142,6,2.801,64.59,3,50.0,1.9965,610,0.2854
229575_pAAV-AscI-CAG-dMito2-mBaoJin.fasta,5667,17,3.000,55.22,10,58.8,1.9983,2806,0.4956
230124_AiP12674_-_pAAV-AiE0086h-minBG-SYFP2-WPRE3-BGHpA_Alias_CN2674_.fasta,4678,11,2.351,54.45,8,72.7,1.9960,2046,0.4378
230242_AiP12803_-_pAAV-AiE0809m-minBG-SYFP2-WPRE3-BGHpA_Alias_CN2803_.fasta,4667,12,2.571,54.84,8,66.7,1.9982,2036,0.4367
230661_AiP1502_-_pAAV-AiE2185m-minBG-SYFP2-WPRE3-BGHpA.fasta,4592,12,2.613,54.90,9,75.0,1.9967,1963,0.4279
23117_pcDNA5_FRT_TO-Flag-Tipin.fasta,670,0,0.000,,0,,1.9882,94,0.1414
231578_MbCas12a_N1153_GPG_GR2.fasta,8819,16,1.814,55.70,10,62.5,1.9930,5665,0.6427
231858_pDest17_Gcn4_ILVtoED_solvvol.fasta,5062,16,3.161,60.37,10,62.5,1.9964,2269,0.4487
233931_pHRSV_CHARMS_bDD.fasta,10692,24,2.245,56.27,16,66.7,1.9996,7091,0.6635
234040_pLPC-Myc-BirA-TRF1.fasta,8041,23,2.860,54.42,15,65.2,1.9964,4813,0.5989
234749_Venus-giantin.fasta,5082,12,2.361,56.64,10,83.3,1.9966,2393,0.4713
23542_pDONR223-PIK3CB.fasta,677,1,1.477,49.70,0,0.0,1.9738,76,0.1131
236324_C6orf89-P1.fasta,7427,22,2.962,54.59,16,72.7,1.9946,4238,0.5710
236388_pHAGE-EFS-PCP-3xSNAP-NLS.fasta,8254,20,2.423,53.96,16,80.0,1.9971,5134,0.6224
236451_pEGFPc1_K-RAS_4A.fasta,5271,12,2.277,56.65,10,83.3,1.9982,2491,0.4730
236680_pAAVLINK-EF1alpha-5_KANK1.fasta,5630,17,3.020,55.29,12,70.6,1.9974,2770,0.4924
236739_pET28a-His6-UROD.fasta,6384,19,2.976,59.37,14,73.7,1.9977,3266,0.5120
236914_HiBiT-TP53_Y220C_Fusion_Vector.fasta,5347,10,1.870,54.29,6,60.0,1.9990,2495,0.4671
236973_hCHMP4B-NanoLuc_Vector.fasta,5465,16,2.928,57.47,12,75.0,1.9939,2650,0.4853
237234_Ec_holB-pET_11a_ACH-_.fasta,6616,19,2.872,59.45,11,57.9,1.9956,3567,0.5396
237394_pTG619.fasta,8527,29,3.401,54.00,21,72.4,1.9997,5115,0.6002
237466_pX461-ABE8e-nSpCas9-NRF1-ss-sgRNA.fasta,9915,25,2.521,54.82,19,76.0,1.9880,6585,0.6645
237997_pHAGE_Flag_HA_ADAR2_CI.fasta,9894,26,2.628,54.59,19,73.1,1.9990,6396,0.6468
23874_pDONR223-ERBB3.fasta,6816,21,3.081,55.32,18,85.7,1.9964,3734,0.5482
23933_pDONR223-FGFR3.fasta,5207,22,4.225,55.55,20,90.9,1.9796,2578,0.4956
239929_LLP1007.fasta,2209,7,3.169,57.65,5,71.4,1.9987,559,0.2536
240595_pET21a_asyn_36-140_.fasta,5720,22,3.846,57.99,16,72.7,1.9977,2822,0.4938
241447_pLENTICRISPR_V2-mCherry_sgmRELA_1.fasta,13124,29,2.210,53.45,24,82.8,1.9948,9480,0.7226
24175_pIRES.Puro.mBeta.fasta,729,0,0.000,,0,,1.9692,100,0.1381
241877_pcDNA3.2-NNluc-Flag-hTICAM2-V5.fasta,6455,18,2.789,54.46,14,77.8,1.9998,3339,0.5177
242825_EBFP2-PIPK_87-D253A.fasta,6651,19,2.857,55.33,16,84.2,1.9870,3717,0.5593
244693_CL20_mEGFP_FOidr_141.fasta,7845,12,1.530,55.31,9,75.0,1.9980,4626,0.5901
245308_EF1a-FLEX-mRuby-p2A-Gephyrin.FR-GFP-CCR5TC.fasta,7985,24,3.006,54.98,14,58.3,1.9947,4660,0.5840
245962_NSE-huCof_K22Q_rat_cof_shRNA.fasta,9652,28,2.901,56.19,20,71.4,1.9948,6149,0.6374
246219_pcDNA_3.3_N-FLAG_hARNT.fasta,7841,19,2.423,55.31,14,73.7,1.9990,4535,0.5787
246533_CBE-Cas12a-GFP.fasta,22054,57,2.585,53.61,45,78.9,1.9967,18049,0.8186
247934_pAAV_3x_U6_Ikbkg_CAG_nlsTagBFP2.fasta,6587,21,3.188,55.13,17,81.0,1.9950,3742,0.5685
248010_pET28-hisSumo-KE-Des61.1.fasta,6345,22,3.467,59.76,18,81.8,1.9977,3290,0.5189
248359_pANC98c_3xFLAG-NES-FRB-_G4S_4-cTEV_219_-IRES-EBFP_.fasta,10105,33,3.266,53.93,22,66.7,1.9990,6569,0.6504
248847_GST-tag_ARIH2_binding_E2_variant_L3A2-4.fasta,5577,16,2.869,57.90,10,62.5,1.9993,2737,0.4912
248955_pTet_KaeCanABC_H271A_.fasta,6350,13,2.047,55.45,6,46.2,1.9876,3309,0.5215
249763_M_B1.fasta,3437,10,2.910,54.97,5,50.0,1.9981,1289,0.3756
249900_pVC0_3_08_RB0035.fasta,2132,4,1.876,59.28,4,100.0,1.9969,552,0.2595
25105_PP-ARFGAP.fasta,931,1,1.074,53.24,1,100.0,1.9763,135,0.1458
25177_LMNB1_3HN9_.fasta,916,1,1.092,59.43,1,100.0,1.9993,100,0.1098
252941_pSL157.fasta,3246,4,1.232,67.24,2,50.0,1.9985,1129,0.3483
253053_pET24-His6-GFP1-10.fasta,5915,20,3.381,59.72,16,80.0,1.9999,2972,0.5029
253267_pNCMV_16E6no_D64N.fasta,7039,17,2.415,56.67,12,70.6,1.9996,3832,0.5448
25341_FXR1.fasta,838,1,1.193,60.43,1,100.0,1.9977,115,0.1381
253950_pCAG-mPDZD8-3xFLAG_1-1147_.fasta,8322,23,2.764,54.02,13,56.5,1.9974,5047,0.6068
25422_-24lacZ.fasta,774,1,1.292,53.55,1,100.0,1.9379,133,0.1730
25614_UBE2G1.fasta,910,3,3.297,56.90,2,66.7,1.9998,128,0.1414
256471_pcDNA_CMV_ChRger3_TS_EYFP.fasta,7504,20,2.665,54.87,15,75.0,1.9959,4300,0.5734
25693_pEBB_HA_XIAP_H467A.fasta,938,1,1.066,53.53,1,100.0,1.9619,132,0.1415
26463_pGALT-EGFP-IRES-puro2b.fasta,6114,20,3.271,53.74,15,75.0,1.9949,3080,0.5042
26663_pGEM-3z_618.fasta,846,0,0.000,,0,,1.9937,105,0.1249
29600_426Gal-FUS-1-453aa-YFP.fasta,865,3,3.468,51.58,1,33.3,1.9593,228,0.2651
30530_pCSCMV_tdTomato.fasta,5541,12,2.166,55.71,7,58.3,1.9973,2938,0.5307
31040_pNK5.fasta,3106,8,2.576,56.76,5,62.5,1.9872,1047,0.3376
31378_LCMV_GFP_FRT_DsRed.fasta,6026,17,2.821,54.03,10,58.8,1.9994,3147,0.5227
31602_BoNT_A-LC.fasta,4705,8,1.700,56.50,5,62.5,1.9853,2102,0.4472
31720_pRK5F-ALK5-HA_ecto_.fasta,816,1,1.225,56.16,1,100.0,1.9961,90,0.1110
32119_413-Met25_Kar2_TorsinA_GFP.fasta,856,2,2.336,53.92,1,50.0,1.9953,99,0.1163
32189_pTALEN_v2_NI_.fasta,7961,17,2.135,57.96,13,76.5,1.9997,4597,0.5778
32216_FLAG_HDAC5_S259A_S498A.fasta,722,2,2.770,44.57,2,100.0,1.9227,174,0.2427
32363_pCDNA_3_5_cMyc_SMC1_wt.fasta,8975,18,2.006,54.06,12,66.7,1.9964,5614,0.6259
32441_pEGFPC1-GluR1Ctail.fasta,4973,12,2.413,56.80,10,83.3,1.9958,2303,0.4636
32828_Lenti_GFP-AMOT_p130.fasta,14870,33,2.219,55.58,24,72.7,1.9981,11102,0.7469
32999_pJY019.fasta,13463,38,2.823,59.04,27,71.1,1.9890,10056,0.7472
33093_pQCXIH-Myc-YAP-5SA.fasta,9270,24,2.589,53.18,20,83.3,1.9961,5839,0.6302
33167_pDMG4a.fasta,834,0,0.000,,0,,1.9228,191,0.2304
36409_pmEGFP-1.fasta,4151,11,2.650,56.94,9,81.8,1.9944,1742,0.4202
38998_MAST4.fasta,894,2,2.237,75.23,1,50.0,1.9979,118,0.1327
39660_KHBD00574.fasta,848,3,3.538,60.08,2,66.7,1.9720,179,0.2123
40533_pEMB018_LRRK2_BC_1847_2350.fasta,8948,22,2.459,58.66,17,77.3,1.9971,5489,0.6138
40593_pRMH120.fasta,10866,19,1.749,54.42,13,68.4,1.9879,7249,0.6674
40929_pCMV5-Flag-EPLIN_beta.fasta,6933,10,1.442,52.89,7,70.0,1.9979,3830,0.5528
41062_pTKRED.fasta,10798,28,2.593,62.40,16,57.1,1.9990,7191,0.6663
41583_pCAGGS-mCherry.fasta,5449,23,4.221,53.50,18,78.3,1.9881,2790,0.5125
41927_MSCV-PM_BRD7_sh1.fasta,924,0,0.000,,0,,1.9945,123,0.1338
42012_pmyc-GFP-TNRC6A-_716-772_.fasta,6283,16,2.547,54.70,12,75.0,1.9980,3286,0.5234
42037_pmyc-GFP-TNRC6A-del.GW-I-NES-mut.fasta,11011,25,2.270,53.85,17,68.0,1.9988,7408,0.6731
42284_pRK5-mWnt8a.fasta,774,2,2.584,52.47,2,100.0,1.9849,107,0.1391
42752_TAL3289.fasta,807,2,2.478,54.64,2,100.0,1.9785,301,0.3753
42960_pCry2PHR-mCh-LRP6c.fasta,6861,13,1.895,55.00,9,69.2,1.9991,3734,0.5446
43139_I-GTAA.fasta,908,3,3.304,58.07,3,100.0,1.9803,253,0.2802
43426_II-TATT.fasta,1012,3,2.964,60.10,3,100.0,1.9835,325,0.3227
43625_III-GCCG.fasta,938,4,4.264,56.03,3,75.0,1.9852,302,0.3237
44105_pEBB-3XMyc-TRAF2_S11A.fasta,822,3,3.650,51.72,3,100.0,1.9735,164,0.2007
44603_FN-Ets2.fasta,6867,18,2.621,54.39,14,77.8,1.9986,3732,0.5439
44625_MMTV-VEGF.fasta,808,1,1.238,53.33,1,100.0,1.9613,111,0.1382
45066_pRSV-PKI-v2.fasta,4523,11,2.432,53.96,9,81.8,1.9930,1929,0.4270
45133_pET29b_Qcat5.fasta,6801,21,3.088,60.52,16,76.2,1.9968,3709,0.5458
45148_FRas2-F_Acceptor.fasta,5640,11,1.950,53.93,7,63.6,1.9989,2864,0.5083
46032_tetO-TBX5.fasta,10081,29,2.877,53.38,24,82.8,1.9994,6524,0.6475
46502_pGEX_Slnk-SH2.fasta,5357,14,2.613,57.07,10,71.4,1.9995,2550,0.4765
46506_pGEX_Socs3-SH2.fasta,5485,15,2.735,56.79,10,66.7,1.9993,2642,0.4821
46521_pGEX_Syk_NC_-SH2.fasta,5773,14,2.425,56.99,10,71.4,1.9994,2865,0.4967
46633_AB.pCCL.sin.cPPT.U6.miR-744-Decoy.hPGK.GFP.WPRE.fasta,483,0,0.000,,0,,1.9735,62,0.1297
46858_pINIT_cat.fasta,4980,8,1.606,60.98,6,75.0,1.9927,2363,0.4750
47446_pAAV_hSyn_TALEBB_HD_-NLS-VP64_2A_GFP_WPRE_bGHpA.fasta,5987,16,2.672,54.88,11,68.8,1.9887,3074,0.5139
47815_pFAB3912.fasta,3020,9,2.980,59.70,6,66.7,1.9964,1008,0.3343
48397_pFUSB4_ACTC.fasta,2906,11,3.785,58.68,9,81.8,1.9899,1090,0.3757
48405_pFUSB4_AGCC.fasta,2906,11,3.785,58.71,9,81.8,1.9901,1088,0.3750
48502_pFUSB4_GACG.fasta,2906,11,3.785,58.79,9,81.8,1.9902,1088,0.3750
48506_pFUSB4_GAGG.fasta,2906,11,3.785,58.87,9,81.8,1.9903,1093,0.3768
48673_M-NM-sgRNA.fasta,3998,15,3.752,57.77,10,66.7,1.9965,1582,0.3962
48813_pGGA002.fasta,3961,7,1.767,56.17,5,71.4,1.9929,1547,0.3911
49176_pFA6a-12Pk-kanMX6.fasta,4789,10,2.088,53.53,7,70.0,1.9975,2201,0.4601
49953_SL545.fasta,893,3,3.359,56.04,2,66.7,1.9661,134,0.1509
50057_pLYS1-FLAG-MitoGFP-HA.fasta,8341,20,2.398,54.62,14,70.0,1.9966,5020,0.6022
50289_pICH44188.fasta,2341,6,2.563,57.39,5,83.3,1.9995,628,0.2688
50496_FN_127.fasta,888,4,4.505,49.58,3,75.0,1.9992,118,0.1336
50679_p4NN.fasta,3058,10,3.270,54.10,7,70.0,1.9996,1007,0.3298
51155_pET21a-BarB.fasta,6103,19,3.113,61.50,13,68.4,1.9968,3143,0.5154
51269_pCAG-loxPSTOPloxP-ZsGreen.fasta,6508,24,3.688,54.33,15,62.5,1.9947,3623,0.5571
51312_pMath3-luc.fasta,715,1,1.399,49.73,0,0.0,1.9738,156,0.2197
51412_CMV-p150.fasta,990,2,2.020,59.05,1,50.0,1.9953,134,0.1360
52415_pGL3-human_OCT4_PE-SV40-Luc.fasta,6139,13,2.118,54.22,10,76.9,1.9996,3118,0.5083
53158_pWZLblasti-CTR1M154A.fasta,1133,4,3.530,54.94,3,75.0,1.9982,170,0.1507
53697_pMiR-HPV16-E7-m1.fasta,1056,2,1.894,61.27,1,50.0,1.9892,168,0.1598
54883_mApple-Dectin1A-C-10.fasta,722,0,0.000,,0,,1.9785,96,0.1339
54997_mCherry-AuroraA-C-7.fasta,764,2,2.618,50.53,2,100.0,1.9851,85,0.1120
55867_mRuby-H2B-C-10.fasta,1154,6,5.199,55.73,4,66.7,1.9575,283,0.2463
55907_mRuby2-Myotilin-C-14.fasta,5936,12,2.022,57.51,8,66.7,1.9988,2945,0.4965
55945_mStrawberry-Vimentin-7.fasta,6100,15,2.459,55.57,12,80.0,1.9937,3163,0.5189
57122_mPA-GFP-Calnexin-N-14.fasta,881,1,1.135,59.74,0,0.0,1.9821,132,0.1507
57584_tdEos-ARPp34-C-14.fasta,6297,15,2.382,56.30,10,66.7,1.9992,3378,0.5369
57819_pL-CRISPR.EFS.tRFP.fasta,11701,27,2.307,53.36,22,81.5,1.9939,8178,0.6992
58699_pBluescript_mouse_ptc.fasta,799,2,2.503,51.33,2,100.0,1.9649,98,0.1234
60263_pENTR_D-TOPO-C3_17.fasta,3158,11,3.483,55.69,8,72.7,1.9997,1060,0.3362
61107_Filamin-C-stFRET.fasta,13552,38,2.804,53.44,29,76.3,1.9753,10123,0.7473
61181_pCMB-PMr.fasta,11344,32,2.821,57.84,26,81.2,1.9974,7675,0.6769
61363_pcDNA-dCas9-p300_Core_1396_1397_SY_WW_.fasta,11475,19,1.656,53.50,13,68.4,1.9904,7831,0.6827
61628_pGreenIIM_DR5v2-ntdTomato_DR5-n3GFP.fasta,9680,20,2.066,54.94,15,75.0,1.9966,6509,0.6728
62741_mCardinal-Talin-H-18.fasta,6063,14,2.309,56.49,12,85.7,1.9968,3077,0.5079
63220_pFusX1-2.fasta,616,2,3.247,61.38,1,50.0,1.9714,214,0.3502
63230_pFusX1-12.fasta,616,2,3.247,61.15,1,50.0,1.9702,218,0.3568
63322_pFusX2-40.fasta,685,3,4.380,60.31,1,33.3,1.9731,228,0.3353
63825_mRFP1-36.fasta,2813,7,2.488,63.93,5,71.4,1.9991,948,0.3376
64721_pattB-nsyb-MKII_GAL4DBDo.fasta,10123,22,2.173,56.96,15,68.2,1.9989,6525,0.6449
65335_pMV-TRP1.fasta,3159,8,2.532,54.57,6,75.0,1.9941,1033,0.3275
65925_pINTO-NFH_mEzh2.fasta,8984,27,3.005,53.83,20,74.1,1.9989,5658,0.6301
66521_VIPR2-Tango.fasta,1029,1,0.972,58.70,0,0.0,1.9983,142,0.1387
66588_pX330.Pten.b.fasta,598,1,1.672,59.95,1,100.0,1.9611,97,0.1636
67733_pfMDH_Triple.fasta,1108,1,0.903,43.51,1,100.0,1.9919,268,0.2430
68905_pAT754.fasta,5793,10,1.726,61.07,4,40.0,1.9771,3017,0.5213
69106_GST-TACC3-His6.fasta,7511,22,2.929,55.58,16,72.7,1.9959,4341,0.5783
70697_pLV-tetO-Cdx2.fasta,9397,27,2.873,53.29,23,85.2,1.9991,5960,0.6346
71805_p-attB-FL.hsp70P-Dam_4-HT-intein_L127C_Myc_open_.fasta,10672,23,2.155,57.73,18,78.3,1.9992,7016,0.6577
71858_pLJM60-FLAG-SLC38A9.1.fasta,9083,23,2.532,55.90,15,65.2,1.9994,5609,0.6179
72239_pCORE-UH.fasta,5808,12,2.066,55.86,8,66.7,1.9991,2793,0.4813
72265_pCDH-CMV.fasta,6251,12,1.920,53.83,9,75.0,1.9987,3239,0.5186
73080_pEGFP-hGal3.fasta,5460,17,3.114,54.52,12,70.6,1.9960,2705,0.4959
73746_pET151-GFP-PP-RPN2_940-953_.fasta,755,0,0.000,,0,,1.9635,172,0.2293
74689_pQacR-Q1.fasta,5701,17,2.982,61.26,10,58.8,1.9974,2844,0.4993
74698_pAN4036.fasta,4385,11,2.509,56.64,7,63.6,1.9898,1874,0.4279
76345_UCKL1_gRNA_BRDN0001146668_.fasta,8323,23,2.763,54.02,15,65.2,1.9989,4996,0.6006
76385_PIM2_gRNA_BRDN0001147820_.fasta,8323,23,2.763,54.02,15,65.2,1.9990,4993,0.6003
76817_PI4KA_gRNA_BRDN0001145538_.fasta,8323,23,2.763,54.02,15,65.2,1.9989,4999,0.6010
77389_CDK1_gRNA_BRDN0001146007_.fasta,8323,23,2.763,54.02,15,65.2,1.9990,4998,0.6009
77795_MARK1_gRNA_BRDN0001146169_.fasta,8323,23,2.763,54.02,15,65.2,1.9990,4995,0.6005
77904_PIP4K2B_gRNA_BRDN0001148982_.fasta,8323,23,2.763,54.02,15,65.2,1.9990,4996,0.6006
78176_pRSETb-rsGreen0.7.fasta,3579,9,2.515,56.48,6,66.7,1.9987,1327,0.3713
78287_pTfdc1Sc.fasta,5685,14,2.463,58.79,9,64.3,1.9989,2762,0.4863
78685_acta2_mCherry_pA_pDestTolpA2.fasta,7658,16,2.089,54.10,10,62.5,1.9838,4567,0.5968
78991_PP154.fasta,4349,8,1.840,58.30,7,87.5,1.9980,1849,0.4256
79167_pETDuet-T7-Ct-YhjH.fasta,6278,18,2.867,59.86,9,50.0,1.9982,3247,0.5176
80489_pAAVS1-Nst-CAG-DEST.fasta,9752,28,2.871,55.87,19,67.9,1.9926,6249,0.6411
81383_pDONR223_SERPINB4_p.F182I.fasta,3963,11,2.776,56.95,9,81.8,1.9979,1548,0.3911
81707_pDONR223_BRAF_p.G466A.fasta,5094,13,2.552,57.55,9,69.2,1.9993,2329,0.4577
81859_pDONR223_PIK3R4_WT.fasta,6870,11,1.601,57.26,8,72.7,1.9969,3789,0.5519
82121_pDONR223_FGFR3_WT.fasta,5208,22,4.224,55.61,19,86.4,1.9796,2582,0.4963
82380_pCas8.fasta,8191,11,1.343,57.69,7,63.6,1.9818,4991,0.6097
82953_pDONR223_AKR1B1_WT_V5.fasta,3738,14,3.745,56.30,12,85.7,1.9977,1423,0.3812
83731_MSCV-6NBC-GFP-PGK-Puro-Barcode54.fasta,7018,23,3.277,55.09,16,69.6,1.9896,3975,0.5668
84027_GUT_BuGZ_delta_ZF1_delta_ZF2.fasta,13443,44,3.273,54.27,37,84.1,1.9966,9686,0.7208
84467_pAAV-RAM-d2TTA_TRE-FLEX-MCS-WPRE-pA.fasta,7966,22,2.762,55.50,12,54.5,1.9992,4681,0.5880
84567_p3XFlag-YedK.fasta,6091,15,2.463,56.30,10,66.7,1.9994,3115,0.5118
84882_pAAV-Sico-Red.fasta,7461,20,2.681,54.87,12,60.0,1.9969,4253,0.5704
84976_pPTK017-3b-yEGFP_Sec.fasta,2382,6,2.519,58.24,6,100.0,1.9958,694,0.2920
85589_pPEPY-PF6-lacI.fasta,5844,14,2.396,55.18,9,64.3,1.9846,2959,0.5068
86579_SELENOM_CXXC.fasta,6001,17,2.833,61.44,12,70.6,1.9978,3078,0.5133
87179_pLPC-Myc-TRF2ZNF1-8.fasta,7714,23,2.982,54.85,17,73.9,1.9946,4553,0.5906
87190_px330-MRPsg2.fasta,8509,19,2.233,54.25,13,68.4,1.9915,5370,0.6315
89057_pBW708_pCAG-PV4-loxP-GFP-T2A-mCherry.fasta,3616,7,1.936,55.47,5,71.4,1.9957,1323,0.3664
89122_VP-ARF.fasta,3807,10,2.627,57.83,4,40.0,1.9982,1414,0.3719
89350_pFS346.fasta,4866,12,2.466,56.07,8,66.7,1.9992,2129,0.4380
90017_pCDX2_ObLiGaRe_Donor_vector_EPB64.fasta,2749,7,2.546,57.01,6,85.7,1.9991,821,0.2992
90500_pPKm-231.fasta,9202,26,2.825,54.28,16,61.5,1.9962,5746,0.6248
90711_HJURP_E4.1_gRNA.fasta,7302,22,3.013,53.53,17,77.3,1.9996,4112,0.5635
90723_KIF2C_E8.1_gRNA.fasta,7302,22,3.013,53.53,17,77.3,1.9996,4110,0.5632
90887_SGO1_H2.1_gRNA.fasta,7302,22,3.013,53.53,17,77.3,1.9996,4111,0.5634
91173_pTaCas9-H840A_6.fasta,15876,44,2.771,55.41,37,84.1,1.9962,12028,0.7579
92207_TRE-ChrimsonR-mCherry.fasta,6211,18,2.898,52.32,12,66.7,1.9935,3318,0.5346
92224_pBEST-p70a-UTR3-deGFP-6xHis-T500.fasta,3232,8,2.475,56.52,5,62.5,1.9969,1148,0.3557
97059_pEAHISSSO2452.fasta,4490,9,2.004,57.76,6,66.7,1.9979,1855,0.4136
97080_pBS-AMVpl-_1WT-nAchR.fasta,5063,10,1.975,56.14,7,70.0,1.9999,2304,0.4555
98182_PUC57_BAG3wt-eGFP.fasta,5260,18,3.422,54.61,14,77.8,1.9866,2566,0.4883
98682_RNAPII_CTD27-52_N2A_S1966C.fasta,4605,12,2.606,61.06,8,66.7,1.9995,2055,0.4467
98830_mTurquoise2-LaminB.fasta,6656,15,2.254,56.33,12,80.0,1.9955,3600,0.5413
